,Pregnancies,Age,DiabetesPedigreeFunction,Outcome
count,768.0,768.0,768.0,768.0
mean,3.8450520833333335,33.240885416666664,0.47187630208333325,0.3489583333333333
std,3.3695780626988694,11.760231540678685,0.3313285950127749,0.47695137724279896
min,0.0,21.0,0.078,0.0
10%,0.0,22.0,0.165,0.0
25%,1.0,24.0,0.24375,0.0
50%,3.0,29.0,0.3725,0.0
75%,6.0,41.0,0.62625,1.0
max,17.0,81.0,2.42,1.0
